Last Name,First Name,Mid Name,Personal Title,Dept,2nd Dept,3rd Dept,Date Created,Date Modified,Email Address,Alum,Business Name,Business Street,Business Street 2,Business City,Business State,Business ZIP Code,Business Title,Liaison CAC etc. 2019,Notes
Gadalla,Justin,Saad,Dr. ,CS,ENG,,07/24/19,07/24/19,jgadalla@g.hmc.edu,YES,JBONE Inc,123 Fake Address Blvd,,San Diego,CA,92131,CEO,Liason,Really cool dude
McGarvey,Dylan,,Professor,ENG,,,07/22/19,07/24/19,dmcgarvey21@g.hmc.edu,,McGarvey's,456 Anotha One Drive,,La Verne,CA,91711,CTO,CAC,He aight
Butler,Chris,Butter,Emperor,BIO,CS,MATH,07/05/19,07/06/19,butterboi@gmail.com,YES,Butler's Butlers,789 Made Up Lane,,Oceanside,CA,99551,Butler,Liason,Meh
Dodds,Zach,Spam,Best Professor Ever,CS,,,12/25/18,07/15/19,zdodds@cs.hmc.edu,,Spam and Sons,42 Three Eyed Alien Way,,Claremont,CA,91711,King,,Best and coolest professor in the world